<annotation>
	<folder>train</folder>
	<filename>classes_001_016.jpg</filename>
	<path>E:\LinuxHome\m5_book_CR\candr_m5stack-master\40_PDF\00_choshachk\50_genko\ch5_m5stickv_keras_and_maixpy\5-05_yolov2_learning_keras\dataset\image\train\classes_001_016.jpg</path>
	<source>
		<database>Unknown</database>
	</source>
	<size>
		<width>320</width>
		<height>240</height>
		<depth>3</depth>
	</size>
	<segmented>0</segmented>
	<object>
		<name>001_classes</name>
		<pose>Unspecified</pose>
		<truncated>0</truncated>
		<difficult>0</difficult>
		<bndbox>
			<xmin>107</xmin>
			<ymin>79</ymin>
			<xmax>196</xmax>
			<ymax>160</ymax>
		</bndbox>
	</object>
</annotation>
