<annotation>
	<folder>train</folder>
	<filename>classes_002_018.jpg</filename>
	<path>E:\dataset\image\train\classes_002_018.jpg</path>
	<source>
		<database>Unknown</database>
	</source>
	<size>
		<width>320</width>
		<height>240</height>
		<depth>3</depth>
	</size>
	<segmented>0</segmented>
	<object>
		<name>002_classes</name>
		<pose>Unspecified</pose>
		<truncated>0</truncated>
		<difficult>0</difficult>
		<bndbox>
			<xmin>118</xmin>
			<ymin>86</ymin>
			<xmax>197</xmax>
			<ymax>135</ymax>
		</bndbox>
	</object>
</annotation>
