<annotation>
	<folder>train</folder>
	<filename>classes_001_006.jpg</filename>
	<path>E:\dataset\image\train\classes_001_006.jpg</path>
	<source>
		<database>Unknown</database>
	</source>
	<size>
		<width>320</width>
		<height>240</height>
		<depth>3</depth>
	</size>
	<segmented>0</segmented>
	<object>
		<name>001_classes</name>
		<pose>Unspecified</pose>
		<truncated>0</truncated>
		<difficult>0</difficult>
		<bndbox>
			<xmin>130</xmin>
			<ymin>56</ymin>
			<xmax>224</xmax>
			<ymax>146</ymax>
		</bndbox>
	</object>
</annotation>
